{
  "$schema": "http://json-schema.org/draft-07/schema#",
  "title": "NightOwl Tools Schema",
  "type": "object",
  "patternProperties": {
    "^[a-zA-Z0-9_\\-]+$": {
      "type": "object",
      "required": ["cmd"],
      "properties": {
        "cmd": { "type": "string" },
        "stage": { "type": "string", "enum": ["light", "deep", "deeper", "any"] },
        "group": { "type": "string" },
        "timeout": { "type": ["number","null"] },
        "env": { "type": "object", "additionalProperties": { "type": "string" } }
      },
      "additionalProperties": false
    }
  },
  "additionalProperties": false
}
